{
  "project_info": {
    "project_number": "802442527451",
    "firebase_url": "https://dailyactivity-76c3d-default-rtdb.firebaseio.com",
    "project_id": "dailyactivity-76c3d",
    "storage_bucket": "dailyactivity-76c3d.firebasestorage.app"
  },
  "client": [
    {
      "client_info": {
        "mobilesdk_app_id": "1:802442527451:android:92a2549322066f871a42fe",
        "android_client_info": {
          "package_name": "com.example.daily_activity"
        }
      },
      "oauth_client": [],
      "api_key": [
        {
          "current_key": "AIzaSyBMFf3VqlWNdUqusmwCFYaQMl2UvMUq-qA"
        }
      ],
      "services": {
        "appinvite_service": {
          "other_platform_oauth_client": []
        }
      }
    }
  ],
  "configuration_version": "1"
}